<?xml version="1.0" encoding="utf-8"?>
<doctrine-mapping xmlns="http://doctrine-project.org/schemas/orm/doctrine-mapping" xmlns:xsi="http://www.w3.org/2001/XMLSchema-instance" xsi:schemaLocation="http://doctrine-project.org/schemas/orm/doctrine-mapping http://doctrine-project.org/schemas/orm/doctrine-mapping.xsd">
  <entity name="DataBundle\Entity\Certifications" table="certifications">
    <indexes>
      <index name="IDX_3B0D76D587F4FB17" columns="doctor_id"/>
    </indexes>
    <id name="id" type="integer" column="id">
      <generator strategy="IDENTITY"/>
    </id>
    <field name="title" type="string" column="title" length="255" nullable="false">
      <options>
        <option name="fixed"/>
      </options>
    </field>
    <field name="occasion" type="string" column="occasion" length="255" nullable="false">
      <options>
        <option name="fixed"/>
      </options>
    </field>
    <field name="date" type="date" column="date" nullable="false"/>
    <many-to-one field="doctor" target-entity="Doctors" fetch="LAZY">
      <join-columns>
        <join-column name="doctor_id" referenced-column-name="id"/>
      </join-columns>
    </many-to-one>
  </entity>
</doctrine-mapping>
