<?xml version="1.0" encoding="utf-8"?>
<doctrine-mapping xmlns="http://doctrine-project.org/schemas/orm/doctrine-mapping" xmlns:xsi="http://www.w3.org/2001/XMLSchema-instance" xsi:schemaLocation="http://doctrine-project.org/schemas/orm/doctrine-mapping http://doctrine-project.org/schemas/orm/doctrine-mapping.xsd">
  <entity name="DataBundle\Entity\Comments" table="comments">
    <indexes>
      <index name="IDX_5F9E962A64D218E" columns="location_id"/>
      <index name="IDX_5F9E962A87F4FB17" columns="doctor_id"/>
    </indexes>
    <id name="id" type="integer" column="id">
      <generator strategy="IDENTITY"/>
    </id>
    <field name="comment" type="string" column="comment" length="255" nullable="false">
      <options>
        <option name="fixed"/>
      </options>
    </field>
    <many-to-one field="location" target-entity="Locations" fetch="LAZY">
      <join-columns>
        <join-column name="location_id" referenced-column-name="id"/>
      </join-columns>
    </many-to-one>
    <many-to-one field="doctor" target-entity="Doctors" fetch="LAZY">
      <join-columns>
        <join-column name="doctor_id" referenced-column-name="id"/>
      </join-columns>
    </many-to-one>
  </entity>
</doctrine-mapping>
