<?xml version="1.0" encoding="utf-8"?>
<doctrine-mapping xmlns="http://doctrine-project.org/schemas/orm/doctrine-mapping" xmlns:xsi="http://www.w3.org/2001/XMLSchema-instance" xsi:schemaLocation="http://doctrine-project.org/schemas/orm/doctrine-mapping http://doctrine-project.org/schemas/orm/doctrine-mapping.xsd">
  <entity name="DataBundle\Entity\Doctors" table="doctors">
    <id name="id" type="integer" column="id">
      <generator strategy="IDENTITY"/>
    </id>
    <field name="firstName" type="string" column="first_name" length="255" nullable="false">
      <options>
        <option name="fixed"/>
      </options>
    </field>
    <field name="lastName" type="string" column="last_name" length="255" nullable="false">
      <options>
        <option name="fixed"/>
      </options>
    </field>
    <field name="birthday" type="date" column="birthday" nullable="false"/>
    <field name="gsm" type="string" column="GSM" length="255" nullable="true">
      <options>
        <option name="fixed"/>
      </options>
    </field>
    <field name="title" type="string" column="title" length="255" nullable="false">
      <options>
        <option name="fixed"/>
      </options>
    </field>
    <field name="professionalStatement" type="text" column="professional_statement" nullable="true">
      <options>
        <option name="fixed"/>
      </options>
    </field>
    <field name="image" type="string" column="image" length="255" nullable="true">
      <options>
        <option name="fixed"/>
      </options>
    </field>
    <field name="updatedAt" type="datetime" column="updated_at" nullable="true"/>
    <field name="views" type="integer" column="Views" nullable="true">
      <options>
        <option name="unsigned"/>
      </options>
    </field>
    <many-to-many field="hopital" target-entity="Hopitaux" mapped-by="doctor" fetch="LAZY"/>
    <many-to-many field="specialitie" target-entity="Specialities" mapped-by="doctor" fetch="LAZY"/>
  </entity>
</doctrine-mapping>
