<?xml version="1.0" encoding="utf-8"?>
<doctrine-mapping xmlns="http://doctrine-project.org/schemas/orm/doctrine-mapping" xmlns:xsi="http://www.w3.org/2001/XMLSchema-instance" xsi:schemaLocation="http://doctrine-project.org/schemas/orm/doctrine-mapping http://doctrine-project.org/schemas/orm/doctrine-mapping.xsd">
  <entity name="DataBundle\Entity\Holidaysadmin" table="holidaysadmin">
    <indexes>
      <index name="ha_admin_fk_idx" columns="Admin"/>
    </indexes>
    <id name="id" type="integer" column="Id">
      <generator strategy="IDENTITY"/>
    </id>
    <field name="day" type="string" column="Day" length="45" nullable="true">
      <options>
        <option name="fixed"/>
      </options>
    </field>
    <many-to-one field="admin" target-entity="Admin" fetch="LAZY">
      <join-columns>
        <join-column name="Admin" referenced-column-name="Id"/>
      </join-columns>
    </many-to-one>
  </entity>
</doctrine-mapping>
