<?xml version="1.0" encoding="utf-8"?>
<doctrine-mapping xmlns="http://doctrine-project.org/schemas/orm/doctrine-mapping" xmlns:xsi="http://www.w3.org/2001/XMLSchema-instance" xsi:schemaLocation="http://doctrine-project.org/schemas/orm/doctrine-mapping http://doctrine-project.org/schemas/orm/doctrine-mapping.xsd">
  <entity name="DataBundle\Entity\Horaire" table="horaire">
    <indexes>
      <index name="IDX_BBC83DB664D218E" columns="location_id"/>
    </indexes>
    <id name="id" type="integer" column="id">
      <generator strategy="IDENTITY"/>
    </id>
    <field name="heureDebut" type="time" column="heure_debut" nullable="false"/>
    <field name="heureFin" type="time" column="heure_fin" nullable="false"/>
    <field name="jour" type="string" column="jour" length="255" nullable="false">
      <options>
        <option name="fixed"/>
      </options>
    </field>
    <many-to-one field="location" target-entity="Locations" fetch="LAZY">
      <join-columns>
        <join-column name="location_id" referenced-column-name="id"/>
      </join-columns>
    </many-to-one>
  </entity>
</doctrine-mapping>
