<?xml version="1.0" encoding="utf-8"?>
<doctrine-mapping xmlns="http://doctrine-project.org/schemas/orm/doctrine-mapping" xmlns:xsi="http://www.w3.org/2001/XMLSchema-instance" xsi:schemaLocation="http://doctrine-project.org/schemas/orm/doctrine-mapping http://doctrine-project.org/schemas/orm/doctrine-mapping.xsd">
  <entity name="DataBundle\Entity\Locations" table="locations">
    <indexes>
      <index name="IDX_17E64ABA87F4FB17" columns="doctor_id"/>
    </indexes>
    <id name="id" type="integer" column="id">
      <generator strategy="IDENTITY"/>
    </id>
    <field name="name" type="string" column="name" length="255" nullable="false">
      <options>
        <option name="fixed"/>
      </options>
    </field>
    <field name="langitude" type="string" column="langitude" length="255" nullable="false">
      <options>
        <option name="fixed"/>
      </options>
    </field>
    <field name="latitude" type="string" column="latitude" length="255" nullable="false">
      <options>
        <option name="fixed"/>
      </options>
    </field>
    <field name="adresse" type="text" column="adresse" nullable="false">
      <options>
        <option name="fixed"/>
      </options>
    </field>
    <field name="ville" type="string" column="ville" length="255" nullable="false">
      <options>
        <option name="fixed"/>
      </options>
    </field>
    <field name="codezip" type="string" column="codeZip" length="255" nullable="false">
      <options>
        <option name="fixed"/>
      </options>
    </field>
    <field name="verified" type="string" column="verified" length="255" nullable="false">
      <options>
        <option name="fixed"/>
      </options>
    </field>
    <field name="deletedat" type="datetime" column="deletedAt" nullable="true"/>
    <field name="public" type="integer" column="public" nullable="true">
      <options>
        <option name="unsigned"/>
      </options>
    </field>
    <field name="comments" type="string" column="Comments" length="45" nullable="true">
      <options>
        <option name="fixed"/>
      </options>
    </field>
    <many-to-one field="doctor" target-entity="Doctors" fetch="LAZY">
      <join-columns>
        <join-column name="doctor_id" referenced-column-name="id"/>
      </join-columns>
    </many-to-one>
  </entity>
</doctrine-mapping>
