<?xml version="1.0" encoding="utf-8"?>
<doctrine-mapping xmlns="http://doctrine-project.org/schemas/orm/doctrine-mapping" xmlns:xsi="http://www.w3.org/2001/XMLSchema-instance" xsi:schemaLocation="http://doctrine-project.org/schemas/orm/doctrine-mapping http://doctrine-project.org/schemas/orm/doctrine-mapping.xsd">
  <entity name="DataBundle\Entity\Notification" table="notification">
    <id name="id" type="integer" column="Id">
      <generator strategy="IDENTITY"/>
    </id>
    <field name="user" type="integer" column="User" nullable="true">
      <options>
        <option name="unsigned"/>
      </options>
    </field>
    <field name="email" type="integer" column="Email" nullable="true">
      <options>
        <option name="unsigned"/>
      </options>
    </field>
    <field name="sms" type="integer" column="Sms" nullable="true">
      <options>
        <option name="unsigned"/>
      </options>
    </field>
  </entity>
</doctrine-mapping>
