<?xml version="1.0" encoding="utf-8"?>
<doctrine-mapping xmlns="http://doctrine-project.org/schemas/orm/doctrine-mapping" xmlns:xsi="http://www.w3.org/2001/XMLSchema-instance" xsi:schemaLocation="http://doctrine-project.org/schemas/orm/doctrine-mapping http://doctrine-project.org/schemas/orm/doctrine-mapping.xsd">
  <entity name="DataBundle\Entity\Patient" table="patient">
    <unique-constraints>
      <unique-constraint name="UNIQ_1ADAD7EBD583E641" columns="profil_picture_id"/>
    </unique-constraints>
    <id name="id" type="integer" column="id">
      <generator strategy="IDENTITY"/>
    </id>
    <field name="firstname" type="string" column="firstName" length="255" nullable="false">
      <options>
        <option name="fixed"/>
      </options>
    </field>
    <field name="lastname" type="string" column="lastName" length="255" nullable="false">
      <options>
        <option name="fixed"/>
      </options>
    </field>
    <field name="birthday" type="datetime" column="birthday" nullable="false"/>
    <field name="gsm" type="string" column="GSM" length="255" nullable="false">
      <options>
        <option name="fixed"/>
      </options>
    </field>
    <field name="domicile" type="string" column="domicile" length="255" nullable="true">
      <options>
        <option name="fixed"/>
      </options>
    </field>
    <field name="travail" type="string" column="travail" length="255" nullable="true">
      <options>
        <option name="fixed"/>
      </options>
    </field>
    <field name="preferrednumber" type="string" column="preferredNumber" length="255" nullable="false">
      <options>
        <option name="fixed"/>
      </options>
    </field>
    <field name="adresse" type="text" column="adresse" nullable="false">
      <options>
        <option name="fixed"/>
      </options>
    </field>
    <field name="sexe" type="string" column="sexe" length="255" nullable="false">
      <options>
        <option name="fixed"/>
      </options>
    </field>
    <field name="image" type="string" column="image" length="255" nullable="true">
      <options>
        <option name="fixed"/>
      </options>
    </field>
    <field name="updatedAt" type="datetime" column="updated_at" nullable="true"/>
    <many-to-one field="profilPicture" target-entity="Media" fetch="LAZY">
      <join-columns>
        <join-column name="profil_picture_id" referenced-column-name="id"/>
      </join-columns>
    </many-to-one>
  </entity>
</doctrine-mapping>
