<?xml version="1.0" encoding="utf-8"?>
<doctrine-mapping xmlns="http://doctrine-project.org/schemas/orm/doctrine-mapping" xmlns:xsi="http://www.w3.org/2001/XMLSchema-instance" xsi:schemaLocation="http://doctrine-project.org/schemas/orm/doctrine-mapping http://doctrine-project.org/schemas/orm/doctrine-mapping.xsd">
  <entity name="DataBundle\Entity\Services" table="services">
    <indexes>
      <index name="IDX_7332E169EA6F3F9B" columns="specialitie_id"/>
    </indexes>
    <id name="id" type="integer" column="id">
      <generator strategy="IDENTITY"/>
    </id>
    <field name="service" type="string" column="service" length="1000" nullable="false">
      <options>
        <option name="fixed"/>
      </options>
    </field>
    <many-to-one field="specialitie" target-entity="Specialities" fetch="LAZY">
      <join-columns>
        <join-column name="specialitie_id" referenced-column-name="id"/>
      </join-columns>
    </many-to-one>
  </entity>
</doctrine-mapping>
