<?xml version="1.0" encoding="utf-8"?>
<doctrine-mapping xmlns="http://doctrine-project.org/schemas/orm/doctrine-mapping" xmlns:xsi="http://www.w3.org/2001/XMLSchema-instance" xsi:schemaLocation="http://doctrine-project.org/schemas/orm/doctrine-mapping http://doctrine-project.org/schemas/orm/doctrine-mapping.xsd">
  <entity name="DataBundle\Entity\Specialities" table="specialities">
    <unique-constraints>
      <unique-constraint name="UNIQ_FFAFEB11EE45BDBF" columns="picture_id"/>
    </unique-constraints>
    <id name="id" type="integer" column="id">
      <generator strategy="IDENTITY"/>
    </id>
    <field name="libelle" type="string" column="libelle" length="255" nullable="false">
      <options>
        <option name="fixed"/>
      </options>
    </field>
    <many-to-one field="picture" target-entity="Media" fetch="LAZY">
      <join-columns>
        <join-column name="picture_id" referenced-column-name="id"/>
      </join-columns>
    </many-to-one>
    <many-to-many field="doctor" target-entity="Doctors" inversed-by="specialitie" fetch="LAZY">
      <join-table name="doctors_specialities">
        <join-columns>
          <join-column name="specialitie_id" referenced-column-name="id"/>
        </join-columns>
        <inverse-join-columns>
          <join-column name="doctor_id" referenced-column-name="id"/>
        </inverse-join-columns>
      </join-table>
    </many-to-many>
  </entity>
</doctrine-mapping>
