<?xml version="1.0" encoding="utf-8"?>
<doctrine-mapping xmlns="http://doctrine-project.org/schemas/orm/doctrine-mapping" xmlns:xsi="http://www.w3.org/2001/XMLSchema-instance" xsi:schemaLocation="http://doctrine-project.org/schemas/orm/doctrine-mapping http://doctrine-project.org/schemas/orm/doctrine-mapping.xsd">
  <entity name="DataBundle\Entity\SubServices" table="sub_services">
    <indexes>
      <index name="IDX_C99D0F30ED5CA9E6" columns="service_id"/>
    </indexes>
    <id name="id" type="integer" column="id">
      <generator strategy="IDENTITY"/>
    </id>
    <field name="subservice" type="string" column="subService" length="1000" nullable="false">
      <options>
        <option name="fixed"/>
      </options>
    </field>
    <many-to-one field="service" target-entity="Services" fetch="LAZY">
      <join-columns>
        <join-column name="service_id" referenced-column-name="id"/>
      </join-columns>
    </many-to-one>
  </entity>
</doctrine-mapping>
