<?xml version="1.0" encoding="utf-8"?>
<doctrine-mapping xmlns="http://doctrine-project.org/schemas/orm/doctrine-mapping" xmlns:xsi="http://www.w3.org/2001/XMLSchema-instance" xsi:schemaLocation="http://doctrine-project.org/schemas/orm/doctrine-mapping http://doctrine-project.org/schemas/orm/doctrine-mapping.xsd">
  <entity name="DataBundle\Entity\Unblockday" table="unblockday">
    <indexes>
      <index name="doctor_ubd_fk_idx" columns="Doctor"/>
    </indexes>
    <id name="id" type="integer" column="Id">
      <generator strategy="IDENTITY"/>
    </id>
    <field name="date" type="string" column="Date" length="45" nullable="true">
      <options>
        <option name="fixed"/>
      </options>
    </field>
    <many-to-one field="doctor" target-entity="Doctors" fetch="LAZY">
      <join-columns>
        <join-column name="Doctor" referenced-column-name="id"/>
      </join-columns>
    </many-to-one>
  </entity>
</doctrine-mapping>
