<?xml version="1.0" encoding="UTF-8"?>
<project-private xmlns="http://www.netbeans.org/ns/project-private/1">
    <editor-bookmarks xmlns="http://www.netbeans.org/ns/editor-bookmarks/2" lastBookmarkId="0"/>
    <open-files xmlns="http://www.netbeans.org/ns/projectui-open-files/2">
        <group>
            <file>file:/C:/wamp64/www/creasite/app/Resources/views/locations/index.html.twig</file>
            <file>file:/C:/wamp64/www/creasite/app/Resources/views/doctors/createAccount.html.twig</file>
            <file>file:/C:/wamp64/www/creasite/app/Resources/views/Comments/index.html.twig</file>
            <file>file:/C:/wamp64/www/creasite/app/Resources/views/user/login2.html.twig</file>
        </group>
    </open-files>
</project-private>
